Azure,包含,虚拟机
Azure,缺乏,云计算
Azure,是,公有云
Azure,是,公有云
Azure,提供,云服务
Azure,部署,虚拟机
Azure,源于,云计算
Hadoop,更新,Azure
API,合称,Azure
PaaS,使用,Azure
BaaS,是,Web服务
BaaS,是,Web服务
CaaS,是,API
CloudStack,是,云计算
CloudStack,是,云计算
CloudStack,方便,云服务
CloudStack,利用,云计算
CloudStack,是,云计算
CloudStack,利用,云计算
云计算,是,DevOps
Azure,运行,Docker
Docker,旨在,弹性计算
Docker,简单,虚拟机
Docker,利用,容器技术
容器技术,没有像,Docker
Docker,是,DevOps
Docker,选择,阿里云
阿里云,获得,Docker
Docker,支持,云服务
Docker,支持,云服务
阿里云,提供,云服务
Docker,利用,容器技术
Docker,是,PaaS
Docker,使用,API
Azure,运行,Docker
Docker,旨在,弹性计算
Docker,简单,虚拟机
Docker,利用,容器技术
容器技术,没有像,Docker
Docker,是,DevOps
Docker,选择,阿里云
阿里云,获得,Docker
Docker,支持,云服务
Docker,支持,云服务
阿里云,提供,云服务
Docker,利用,容器技术
虚拟机,付费,弹性计算
SaaS,是,云计算
Rackspace,推出,云计算
阿里云,专注,云计算
阿里云,是,云计算
Libvirt,是,虚拟化
Libvirt,提供,虚拟机
Libvirt,是,API
Libvirt,设计,API
NFV,指,虚拟化
NFV,采用,SDN
OneDrive,是,云存储
Libvirt,是,虚拟化
Libvirt,是,虚拟化
虚拟化,包括,Xen
OpenStack,是,云计算
OpenStack,提供,云计算
OpenStack,成为,云计算
云计算,开发,OpenStack
Libvirt,是,虚拟化
Libvirt,是,虚拟化
Libvirt,支持,虚拟化
SaaS,是,云计算
云计算,称为,网格计算
PaaS,推进,SaaS
Web服务,使用,API
PaaS,支撑,云计算
SaaS,是,IaaS
PaaS,是,SaaS
PaaS,推进,SaaS
Web服务,使用,API
IaaS,提供,API
PaaS,支撑,云计算
SaaS,是,IaaS
IDC,分为,SaaS
SaaS,不是,云计算
云计算,等于,SaaS
SaaS,是,云计算
云计算,推动,SaaS
SaaS,是,云计算
OneDrive,是,云存储
VMware,是,虚拟化
VMware,具备,云服务
VMware,拓展,混合云
VMware,包含,虚拟机
VMware,是,虚拟化
虚拟化,发布,VMware
VMware,是,虚拟化
虚拟化,为,VMware
VMware,提高,虚拟机
VMware,宣布,IDC
VMware,宣布,云服务
VMware,提供,虚拟化
VMware,提出,虚拟化
VMware,拓展,混合云
VMware,创建,虚拟机
VMware,帮助,虚拟机
VMware,产生,虚拟机
VMware,推出,虚拟机
VMware,创建,虚拟机
VMware,创建,虚拟机
VMware,面向,混合云
VMware,创建,虚拟机
VMware,宣布,IDC
VMware,发布,云计算
VPC,叫,虚拟机
VPC,是,虚拟化
Azure,源于,云计算
Hadoop,更新,Azure
API,合称,Azure
PaaS,使用,Azure
云原生,是,容器技术
云原生,是,云计算
云计算,是,网格计算
混合云,存储,云存储
Azure,允许,API
云服务,是,虚拟化
PaaS,是,SaaS
Rackspace,提供,云服务
云计算,是,分布式计算
云计算,称为,网格计算
云服务,是,分布式计算
虚拟化,是,云计算
云存储,是,云计算
云存储,是,云计算
云计算,依赖于,效用计算
云计算,发展,云服务
Rackspace,推出,云计算
PaaS,是,SaaS
IDC,表示,云计算
IDC,认为,云计算
虚拟化,是,云计算
云服务,是,弹性计算
IDC,表示,云服务
Azure,是,云服务
阿里云,是,云计算
IDC,表示,云服务
网格计算,就是,分布式计算
华为云,致力,云计算
云计算,在于,弹性计算
华为云,提供,弹性计算
华为云,是,云计算
华为云,提供,弹性计算
SaaS,是,云计算
Rackspace,推出,云计算
阿里云,专注,云计算
阿里云,是,云计算
多租户技术,驾驭,虚拟化平台
多租户技术,驾驭,虚拟化平台
容器技术,是,虚拟机
容器技术,促使,VMware
容器技术,是,虚拟机
容器技术,促使,VMware
PaaS,是,SaaS
PaaS,推进,SaaS
Web服务,使用,API
IaaS,提供,API
PaaS,支撑,云计算
SaaS,是,IaaS
云计算,是,网格计算
云计算,继,网格计算
效用计算,使,云计算
云计算,继,网格计算
效用计算,使,云计算
云计算,继,网格计算
混合云,融合,公有云
混合云,利用,私有云
混合云,融合,公有云
混合云,利用,私有云
私有云,作为,公有云
IDC,显示,公有云
IDC,发布,云服务
云服务,是,虚拟化
边缘计算,提供,弹性计算
百度云,成为,云服务
IDC,显示,公有云
IDC,发布,云服务
云服务,是,虚拟化
边缘计算,提供,弹性计算
百度云,成为,云服务
虚拟化,要求,私有云
PaaS,跨,公有云
私有云,具备,微服务
私有云,具备,微服务
网易云,推出,云计算
网格计算,不同,云计算
网格计算,是,分布式计算
网格计算,就是,分布式计算
网格计算,不同,云计算
NFV,腾飞,SDN
IDC,显示,腾讯云
腾讯云,提供,负载均衡
腾讯云,提供,云计算
腾讯云,提供,云服务
腾讯云,提供,云计算
腾讯云,提供,云计算
腾讯云,发布,云计算
虚拟机,有助于,虚拟化
虚拟机,提升,虚拟化
网格计算,利用,虚拟化
网格计算,进行,虚拟化
云计算,引入,虚拟化
虚拟机,是,虚拟化
虚拟机,受益,虚拟化
虚拟机,是,虚拟化
虚拟机,受益,虚拟化
VMware,创建,虚拟机
VMware,创建,虚拟机
虚拟设备,减轻,云部署
虚拟设备,减轻,云部署
金山云,跻身,公有云
金山云,存储入选,云计算
金山云,荣获,云服务
金山云,位列,云服务
金山云,排名,IaaS
金山云,成为,云服务
金山云,提供包括区块链底层系统SDK浏览器运维平台等配套,BaaS
金山云,获得,云计算
金山云,位列,云服务
金山云,成为,云服务
阿里云,表示,云计算
IDC,公布,阿里云
阿里云,拓展,云计算
阿里云,发布,大数据平台
阿里云,成为,云计算
阿里云,开始,云计算
阿里云,提供,云计算
阿里云,发挥,云计算
云数据库,是,阿里云
阿里云,得到,云服务
阿里云,是,云服务
阿里云,提供,云计算
阿里云,成立,云计算
阿里云,开始,云计算
阿里云,提供,云计算
阿里云,成为,云计算
阿里云,推出,云服务
阿里云,成为,云计算
阿里云,提供,云计算
阿里云,发布,大数据平台
阿里云,拓展,云计算
IDC,公布,阿里云
阿里云,宣布,云计算
阿里云,发挥,云计算
阿里云,宣布,VMware
VMware,具备,云服务
VMware,创建,虚拟机
阿里云,宣布,混合云
阿里云,打造,云计算
雾计算,是,分布式计算
雾计算,是,云计算
雾计算,是,分布式计算
雾计算,是,分布式计算
云计算,提供,雾计算
雾计算,是,分布式计算
雾计算,是,云计算
雾计算,是,分布式计算
雾计算,是,分布式计算
云计算,提供,雾计算
霾计算,就算是,云计算
云计算,提供,雾计算
霾计算,就算是,云计算
云计算,提供,雾计算
